15:02:2014,saris,Soch.,Soch Solid Synthetic Sari,Rs. 4998,http://img6a.flixcart.com/image/sari/y/4/n/jrxsr8017vl-white-soch-400x400-imadp98h4khmcjbb.jpeg, No more colour,Rs. 4998,Fashionara,http://www.flipkart.com/soch-solid-synthetic-sari/p/itmdq26ggtqhbfdh?pid=SARDP6TFQYBG8Y4N&srno=b_1&ref=e497e16a-a963-4cfe-9bf0-d7393bae6df1,LSTSARDP6TFQYBG8Y4NMAGSDU,,None,<div class="item_left_column" id="specifications"><h3 class="item_desc_title fk-uppercase">        Specifications of Soch Solid Synthetic Sari    </h3><table cellspacing="0" class="fk-specs-type2"><tr><th class="group-head" colspan="2">General Details<a class="see-more unitExt rmargin10 no-underline" href="javascript:void(0);" onclick="$(this).closest('.fk-specs-type2').toggleClass('expandedMore')" title="Expand">[+]</a><a class="hidden unitExt rmargin10 no-underline" href="javascript:void(0);" onclick="$(this).closest('.fk-specs-type2').toggleClass('expandedMore')" title="Collapse">[-]</a></th></tr><tr class="hidden"><td class="specs-key">Occasion</td><td class="specs-value fk-data">Casual</td></tr><tr class="hidden"><td class="specs-key">Pattern</td><td class="specs-value fk-data">Solid</td></tr></table><table cellspacing="0" class="fk-specs-type2"><tr><th class="group-head" colspan="2">Sari Details</th></tr><tr class=""><td class="specs-key">Fabric</td><td class="specs-value fk-data">Synthetic</td></tr><tr class=""><td class="specs-key">Number of Contents in Sales Package</td><td class="specs-value fk-data">Pack of 1</td></tr></table><table cellspacing="0" class="fk-specs-type2"><tr><th class="group-head" colspan="2">In The Box</th></tr><tr class=""><td class="specs-key"> </td><td class="specs-value fk-data">Sari</td></tr></table></div>
15:02:2014,saris,Soch.,Soch Printed Synthetic Sari,Rs. 4998,http://img6a.flixcart.com/image/sari/5/d/w/jrwsr8016vl-pink-soch-400x400-imadp98ptzzaz5h2.jpeg, No more colour,Rs. 4998,Fashionara,http://www.flipkart.com/soch-printed-synthetic-sari/p/itmdq26ajjzbsjht?pid=SARDP6TFZVC2A5DW&srno=b_2&ref=e497e16a-a963-4cfe-9bf0-d7393bae6df1,LSTSARDP6TFZVC2A5DWRWVHGS,,None,<div class="item_left_column" id="specifications"><h3 class="item_desc_title fk-uppercase">        Specifications of Soch Printed Synthetic Sari    </h3><table cellspacing="0" class="fk-specs-type2"><tr><th class="group-head" colspan="2">General Details<a class="see-more unitExt rmargin10 no-underline" href="javascript:void(0);" onclick="$(this).closest('.fk-specs-type2').toggleClass('expandedMore')" title="Expand">[+]</a><a class="hidden unitExt rmargin10 no-underline" href="javascript:void(0);" onclick="$(this).closest('.fk-specs-type2').toggleClass('expandedMore')" title="Collapse">[-]</a></th></tr><tr class="hidden"><td class="specs-key">Occasion</td><td class="specs-value fk-data">Casual</td></tr><tr class="hidden"><td class="specs-key">Pattern</td><td class="specs-value fk-data">Printed</td></tr></table><table cellspacing="0" class="fk-specs-type2"><tr><th class="group-head" colspan="2">Sari Details</th></tr><tr class=""><td class="specs-key">Fabric</td><td class="specs-value fk-data">Synthetic</td></tr><tr class=""><td class="specs-key">Number of Contents in Sales Package</td><td class="specs-value fk-data">Pack of 1</td></tr></table><table cellspacing="0" class="fk-specs-type2"><tr><th class="group-head" colspan="2">In The Box</th></tr><tr class=""><td class="specs-key"> </td><td class="specs-value fk-data">Sari</td></tr></table></div>
15:02:2014,saris,Soch.,Soch Solid, Printed Embroidered Georgette, Net Sari,Rs. 5598,http://img6a.flixcart.com/image/sari/w/m/k/stzc-s5011-soch-free-400x400-imadz4yj4jupjfzx.jpeg, No more colour,Rs. 5598,WS Retail,http://www.flipkart.com/soch-solid-printed-embroidered-georgette-net-sari/p/itmdnjtykj57m2nt?pid=SARDNJTYQZZNPWMK&srno=b_3&ref=e497e16a-a963-4cfe-9bf0-d7393bae6df1,LSTSARDNJTYQZZNPWMK1L3QTQ,,<div class="item_left_column" id="description"><h3 class="item_desc_title fk-uppercase">Soch Solid, Printed Embroidered Georgette, Net Sari         Price: Rs.5598</h3><div class="cls"></div><div class="item_desc_text line"><div style="float:right"></div><p>	Drape yourself in pure glam and elegance with this <strong>beautiful sari</strong> from Soch that is perfect for a wedding or any festive occasion. One half of this sari is made from delicate net fabric and other half from smooth and flowy georgette making it truly unique! The tonal embroidery on the sheer pallu gives it a stylish flair. With pearls adorned at the border and shimmer fabric, Sochâ€™s creation is simply fab. Smoky eyes and gold jhumkis are perfect with this sari.</p> </div><div style="clear: both;"></div></div>,<div class="item_left_column" id="specifications"><h3 class="item_desc_title fk-uppercase">        Specifications of Soch Solid, Printed Embroidered Georgette, Net Sari    </h3><table cellspacing="0" class="fk-specs-type2"><tr><th class="group-head" colspan="2">General Details<a class="see-more unitExt rmargin10 no-underline" href="javascript:void(0);" onclick="$(this).closest('.fk-specs-type2').toggleClass('expandedMore')" title="Expand">[+]</a><a class="hidden unitExt rmargin10 no-underline" href="javascript:void(0);" onclick="$(this).closest('.fk-specs-type2').toggleClass('expandedMore')" title="Collapse">[-]</a></th></tr><tr class="hidden"><td class="specs-key">Ideal For</td><td class="specs-value fk-data">Women's</td></tr><tr class="hidden"><td class="specs-key">Occasion</td><td class="specs-value fk-data">Party</td></tr><tr class="hidden"><td class="specs-key">Pattern</td><td class="specs-value fk-data">Solid, Printed</td></tr></table><table cellspacing="0" class="fk-specs-type2"><tr><th class="group-head" colspan="2">Sari Details</th></tr><tr class=""><td class="specs-key">Ideal For</td><td class="specs-value fk-data">Women's</td></tr><tr class=""><td class="specs-key">Fabric</td><td class="specs-value fk-data">Georgette, Net</td></tr></table><table cellspacing="0" class="fk-specs-type2"><tr><th class="group-head" colspan="2">Fabric Care</th></tr><tr class=""><td class="specs-value fk-data" colspan="2">First Wash Dry wash</td></tr></table></div>
15:02:2014,saris,Soch.,Soch Striped Synthetic Sari,Rs. 5598,http://img6a.flixcart.com/image/sari/c/b/u/jsjsr8029hrtg-black-soch-400x400-imadp96uyatnagff.jpeg, No more colour,Rs. 5598,Fashionara,http://www.flipkart.com/soch-striped-synthetic-sari/p/itmdq268swnrjumf?pid=SARDP6T2EXXB6CBU&srno=b_4&ref=e497e16a-a963-4cfe-9bf0-d7393bae6df1,LSTSARDP6T2EXXB6CBU9OKO7R,,None,<div class="item_left_column" id="specifications"><h3 class="item_desc_title fk-uppercase">        Specifications of Soch Striped Synthetic Sari    </h3><table cellspacing="0" class="fk-specs-type2"><tr><th class="group-head" colspan="2">General Details<a class="see-more unitExt rmargin10 no-underline" href="javascript:void(0);" onclick="$(this).closest('.fk-specs-type2').toggleClass('expandedMore')" title="Expand">[+]</a><a class="hidden unitExt rmargin10 no-underline" href="javascript:void(0);" onclick="$(this).closest('.fk-specs-type2').toggleClass('expandedMore')" title="Collapse">[-]</a></th></tr><tr class="hidden"><td class="specs-key">Occasion</td><td class="specs-value fk-data">Casual</td></tr><tr class="hidden"><td class="specs-key">Pattern</td><td class="specs-value fk-data">Striped</td></tr></table><table cellspacing="0" class="fk-specs-type2"><tr><th class="group-head" colspan="2">Sari Details</th></tr><tr class=""><td class="specs-key">Fabric</td><td class="specs-value fk-data">Synthetic</td></tr><tr class=""><td class="specs-key">Number of Contents in Sales Package</td><td class="specs-value fk-data">Pack of 1</td></tr></table><table cellspacing="0" class="fk-specs-type2"><tr><th class="group-head" colspan="2">In The Box</th></tr><tr class=""><td class="specs-key"> </td><td class="specs-value fk-data">Sari</td></tr></table></div>
15:02:2014,saris,Soch.,Soch Printed Synthetic Sari,Rs. 4998,http://img5a.flixcart.com/image/sari/e/a/u/jsnsr8033hrtg-dark-pink-soch-400x400-imadp96gvjbsxahm.jpeg, No more colour,Rs. 4998,Fashionara,http://www.flipkart.com/soch-printed-synthetic-sari/p/itmdq269qnycgee5?pid=SARDP6T2WHKSCEAU&srno=b_5&ref=e497e16a-a963-4cfe-9bf0-d7393bae6df1,LSTSARDP6T2WHKSCEAUDH3W8T,,None,<div class="item_left_column" id="specifications"><h3 class="item_desc_title fk-uppercase">        Specifications of Soch Printed Synthetic Sari    </h3><table cellspacing="0" class="fk-specs-type2"><tr><th class="group-head" colspan="2">General Details<a class="see-more unitExt rmargin10 no-underline" href="javascript:void(0);" onclick="$(this).closest('.fk-specs-type2').toggleClass('expandedMore')" title="Expand">[+]</a><a class="hidden unitExt rmargin10 no-underline" href="javascript:void(0);" onclick="$(this).closest('.fk-specs-type2').toggleClass('expandedMore')" title="Collapse">[-]</a></th></tr><tr class="hidden"><td class="specs-key">Occasion</td><td class="specs-value fk-data">Casual</td></tr><tr class="hidden"><td class="specs-key">Pattern</td><td class="specs-value fk-data">Printed</td></tr></table><table cellspacing="0" class="fk-specs-type2"><tr><th class="group-head" colspan="2">Sari Details</th></tr><tr class=""><td class="specs-key">Fabric</td><td class="specs-value fk-data">Synthetic</td></tr><tr class=""><td class="specs-key">Number of Contents in Sales Package</td><td class="specs-value fk-data">Pack of 1</td></tr></table><table cellspacing="0" class="fk-specs-type2"><tr><th class="group-head" colspan="2">In The Box</th></tr><tr class=""><td class="specs-key"> </td><td class="specs-value fk-data">Sari</td></tr></table></div>
15:02:2014,saris,Soch.,Soch Printed Embroidered Georgette, Brasso Sari,Rs. 4198,http://img5a.flixcart.com/image/sari/d/a/n/stzc-s5016-soch-free-400x400-imadz4yjnjzg5fg4.jpeg, No more colour,Rs. 4198,WS Retail,http://www.flipkart.com/soch-printed-embroidered-georgette-brasso-sari/p/itmdnjtyjzzz75hz?pid=SARDNJTYTHZEPDAN&srno=b_7&ref=e497e16a-a963-4cfe-9bf0-d7393bae6df1,LSTSARDNJTYTHZEPDAN7FL7AG,,<div class="item_left_column" id="description"><h3 class="item_desc_title fk-uppercase">Soch Printed Embroidered Georgette, Brasso Sari         Price: Rs.4198</h3><div class="cls"></div><div class="item_desc_text line"><div style="float:right"></div><p style="text-align: justify;">	Look very beautiful in this elegant party wear sari from Soch. This georgette sari comes with contemporary brasso patterns all over that give it a glitzy touch. The bold floral embroidery and pearls along the border give it a mesmerising touch. With an attached blouse, this lovely sari goes well with embellished heels and a dazzling clutch.</p> </div><div style="clear: both;"></div></div>,<div class="item_left_column" id="specifications"><h3 class="item_desc_title fk-uppercase">        Specifications of Soch Printed Embroidered Georgette, Brasso Sari    </h3><table cellspacing="0" class="fk-specs-type2"><tr><th class="group-head" colspan="2">General Details<a class="see-more unitExt rmargin10 no-underline" href="javascript:void(0);" onclick="$(this).closest('.fk-specs-type2').toggleClass('expandedMore')" title="Expand">[+]</a><a class="hidden unitExt rmargin10 no-underline" href="javascript:void(0);" onclick="$(this).closest('.fk-specs-type2').toggleClass('expandedMore')" title="Collapse">[-]</a></th></tr><tr class="hidden"><td class="specs-key">Ideal For</td><td class="specs-value fk-data">Women's</td></tr><tr class="hidden"><td class="specs-key">Occasion</td><td class="specs-value fk-data">Party</td></tr><tr class="hidden"><td class="specs-key">Pattern</td><td class="specs-value fk-data">Printed</td></tr></table><table cellspacing="0" class="fk-specs-type2"><tr><th class="group-head" colspan="2">Sari Details</th></tr><tr class=""><td class="specs-key">Ideal For</td><td class="specs-value fk-data">Women's</td></tr><tr class=""><td class="specs-key">Fabric</td><td class="specs-value fk-data">Georgette, Brasso</td></tr></table><table cellspacing="0" class="fk-specs-type2"><tr><th class="group-head" colspan="2">Fabric Care</th></tr><tr class=""><td class="specs-value fk-data" colspan="2">First Wash Dry wash</td></tr></table></div>
15:02:2014,saris,Soch.,Soch Floral Print Embroidered Georgette Sari,Rs. 6299,http://img5a.flixcart.com/image/sari/y/z/p/stzc-s5020-soch-free-400x400-imadz4yjkvge8fmv.jpeg, No more colour,Rs. 6299,WS Retail,http://www.flipkart.com/soch-floral-print-embroidered-georgette-sari/p/itmdnjtykjwfw3fj?pid=SARDNJTYD2DGCYZP&srno=b_6&ref=e497e16a-a963-4cfe-9bf0-d7393bae6df1,LSTSARDNJTYD2DGCYZPQAQB1S,,<div class="item_left_column" id="description"><h3 class="item_desc_title fk-uppercase">Soch Floral Print Embroidered Georgette Sari         Price: Rs.6299</h3><div class="cls"></div><div class="item_desc_text line"><div style="float:right"></div><p>	Make a bewitching style statement with this really stylish sheer sari from Soch. This elegant party wear sari features chunky floral embroidery all over that adds a feminine touch to your look. This gorgeous sari is finished with a rich brocade and zari embroidery at the border for added glam. Look drop-dead-gorgeous at that party by draping this <strong>georgette sari</strong> over a low back blouse and heels. Add on gold jewellery and look wow!</p> </div><div style="clear: both;"></div></div>,<div class="item_left_column" id="specifications"><h3 class="item_desc_title fk-uppercase">        Specifications of Soch Floral Print Embroidered Georgette Sari    </h3><table cellspacing="0" class="fk-specs-type2"><tr><th class="group-head" colspan="2">General Details<a class="see-more unitExt rmargin10 no-underline" href="javascript:void(0);" onclick="$(this).closest('.fk-specs-type2').toggleClass('expandedMore')" title="Expand">[+]</a><a class="hidden unitExt rmargin10 no-underline" href="javascript:void(0);" onclick="$(this).closest('.fk-specs-type2').toggleClass('expandedMore')" title="Collapse">[-]</a></th></tr><tr class="hidden"><td class="specs-key">Ideal For</td><td class="specs-value fk-data">Women's</td></tr><tr class="hidden"><td class="specs-key">Occasion</td><td class="specs-value fk-data">Party</td></tr><tr class="hidden"><td class="specs-key">Pattern</td><td class="specs-value fk-data">Floral Print</td></tr></table><table cellspacing="0" class="fk-specs-type2"><tr><th class="group-head" colspan="2">Sari Details</th></tr><tr class=""><td class="specs-key">Ideal For</td><td class="specs-value fk-data">Women's</td></tr><tr class=""><td class="specs-key">Fabric</td><td class="specs-value fk-data">Georgette</td></tr></table><table cellspacing="0" class="fk-specs-type2"><tr><th class="group-head" colspan="2">Fabric Care</th></tr><tr class=""><td class="specs-value fk-data" colspan="2">First Wash Dry wash</td></tr></table></div>
15:02:2014,saris,Soch.,Soch Printed Synthetic Sari,Rs. 2995,http://img6a.flixcart.com/image/sari/e/n/k/cw9620-dark-yellow-soch-400x400-imadp993d9txh7bv.jpeg, No more colour,Rs. 2995,Fashionara,http://www.flipkart.com/soch-printed-synthetic-sari/p/itmdq26gdywfntwg?pid=SARDP6TYGEWDYENK&srno=b_8&ref=e497e16a-a963-4cfe-9bf0-d7393bae6df1,LSTSARDP6TYGEWDYENKZQ4KT3,,<div class="item_left_column" id="description"><h3 class="item_desc_title fk-uppercase">Soch Printed Synthetic Sari         Price: Rs.2995</h3><div class="cls"></div><div class="item_desc_text line"><div style="float:right"></div>                        Contemporary and chic this saree is perfect for the young diva to make a fashionable statement. The saree features a cool hue with contrast stone work and print. Multi- coloured bands on border with floral embroidery gives this saree a contemporary appeal. Style your blouse with a low cut back and sleeveless fit to give you a stunning look. A pair of heels and statement earrings are all you need to complete your diva-licious look.        </div><div style="clear: both;"></div></div>,<div class="item_left_column" id="specifications"><h3 class="item_desc_title fk-uppercase">        Specifications of Soch Printed Synthetic Sari    </h3><table cellspacing="0" class="fk-specs-type2"><tr><th class="group-head" colspan="2">General Details<a class="see-more unitExt rmargin10 no-underline" href="javascript:void(0);" onclick="$(this).closest('.fk-specs-type2').toggleClass('expandedMore')" title="Expand">[+]</a><a class="hidden unitExt rmargin10 no-underline" href="javascript:void(0);" onclick="$(this).closest('.fk-specs-type2').toggleClass('expandedMore')" title="Collapse">[-]</a></th></tr><tr class="hidden"><td class="specs-key">Occasion</td><td class="specs-value fk-data">Casual</td></tr><tr class="hidden"><td class="specs-key">Pattern</td><td class="specs-value fk-data">Printed</td></tr></table><table cellspacing="0" class="fk-specs-type2"><tr><th class="group-head" colspan="2">Sari Details</th></tr><tr class=""><td class="specs-key">Fabric</td><td class="specs-value fk-data">Synthetic</td></tr><tr class=""><td class="specs-key">Number of Contents in Sales Package</td><td class="specs-value fk-data">Pack of 1</td></tr></table><table cellspacing="0" class="fk-specs-type2"><tr><th class="group-head" colspan="2">In The Box</th></tr><tr class=""><td class="specs-key"> </td><td class="specs-value fk-data">Sari</td></tr></table></div>
15:02:2014,saris,Soch.,Soch Solid Synthetic Sari,Rs. 3598,http://img5a.flixcart.com/image/sari/2/z/h/pas-9056-purple-soch-400x400-imadp974e3puxgch.jpeg, No more colour,Rs. 3598,Fashionara,http://www.flipkart.com/soch-solid-synthetic-sari/p/itmdq26askqqfh2w?pid=SARDP6TFHERUK2ZH&srno=b_9&ref=e497e16a-a963-4cfe-9bf0-d7393bae6df1,LSTSARDP6TFHERUK2ZHWO1ARA,,None,<div class="item_left_column" id="specifications"><h3 class="item_desc_title fk-uppercase">        Specifications of Soch Solid Synthetic Sari    </h3><table cellspacing="0" class="fk-specs-type2"><tr><th class="group-head" colspan="2">General Details<a class="see-more unitExt rmargin10 no-underline" href="javascript:void(0);" onclick="$(this).closest('.fk-specs-type2').toggleClass('expandedMore')" title="Expand">[+]</a><a class="hidden unitExt rmargin10 no-underline" href="javascript:void(0);" onclick="$(this).closest('.fk-specs-type2').toggleClass('expandedMore')" title="Collapse">[-]</a></th></tr><tr class="hidden"><td class="specs-key">Occasion</td><td class="specs-value fk-data">Casual</td></tr><tr class="hidden"><td class="specs-key">Pattern</td><td class="specs-value fk-data">Solid</td></tr></table><table cellspacing="0" class="fk-specs-type2"><tr><th class="group-head" colspan="2">Sari Details</th></tr><tr class=""><td class="specs-key">Fabric</td><td class="specs-value fk-data">Synthetic</td></tr><tr class=""><td class="specs-key">Number of Contents in Sales Package</td><td class="specs-value fk-data">Pack of 1</td></tr></table><table cellspacing="0" class="fk-specs-type2"><tr><th class="group-head" colspan="2">In The Box</th></tr><tr class=""><td class="specs-key"> </td><td class="specs-value fk-data">Sari</td></tr></table></div>
15:02:2014,saris,Soch.,Soch Striped Synthetic Sari,Rs. 4998,http://img6a.flixcart.com/image/sari/y/7/x/jsgsr8026vl-medium-blue-soch-400x400-imadp978yc9d6fzz.jpeg, No more colour,Rs. 4998,Fashionara,http://www.flipkart.com/soch-striped-synthetic-sari/p/itmdq26agkgj9gjg?pid=SARDP6TFG6ZEDY7X&srno=b_10&ref=e497e16a-a963-4cfe-9bf0-d7393bae6df1,LSTSARDP6TFG6ZEDY7XGVK3XQ,,None,<div class="item_left_column" id="specifications"><h3 class="item_desc_title fk-uppercase">        Specifications of Soch Striped Synthetic Sari    </h3><table cellspacing="0" class="fk-specs-type2"><tr><th class="group-head" colspan="2">General Details<a class="see-more unitExt rmargin10 no-underline" href="javascript:void(0);" onclick="$(this).closest('.fk-specs-type2').toggleClass('expandedMore')" title="Expand">[+]</a><a class="hidden unitExt rmargin10 no-underline" href="javascript:void(0);" onclick="$(this).closest('.fk-specs-type2').toggleClass('expandedMore')" title="Collapse">[-]</a></th></tr><tr class="hidden"><td class="specs-key">Occasion</td><td class="specs-value fk-data">Casual</td></tr><tr class="hidden"><td class="specs-key">Pattern</td><td class="specs-value fk-data">Striped</td></tr></table><table cellspacing="0" class="fk-specs-type2"><tr><th class="group-head" colspan="2">Sari Details</th></tr><tr class=""><td class="specs-key">Fabric</td><td class="specs-value fk-data">Synthetic</td></tr><tr class=""><td class="specs-key">Number of Contents in Sales Package</td><td class="specs-value fk-data">Pack of 1</td></tr></table><table cellspacing="0" class="fk-specs-type2"><tr><th class="group-head" colspan="2">In The Box</th></tr><tr class=""><td class="specs-key"> </td><td class="specs-value fk-data">Sari</td></tr></table></div>
15:02:2014,saris,Soch.,Soch Printed Synthetic Sari,Rs. 4998,http://img5a.flixcart.com/image/sari/g/x/4/jslsr8031hrtg-off-white-soch-400x400-imadp96n5hch3ndw.jpeg, No more colour,Rs. 4998,Fashionara,http://www.flipkart.com/soch-printed-synthetic-sari/p/itmdq268hrasedag?pid=SARDP6T2CRCJEGX4&srno=b_11&ref=e497e16a-a963-4cfe-9bf0-d7393bae6df1,LSTSARDP6T2CRCJEGX4H3E1KP,,None,<div class="item_left_column" id="specifications"><h3 class="item_desc_title fk-uppercase">        Specifications of Soch Printed Synthetic Sari    </h3><table cellspacing="0" class="fk-specs-type2"><tr><th class="group-head" colspan="2">General Details<a class="see-more unitExt rmargin10 no-underline" href="javascript:void(0);" onclick="$(this).closest('.fk-specs-type2').toggleClass('expandedMore')" title="Expand">[+]</a><a class="hidden unitExt rmargin10 no-underline" href="javascript:void(0);" onclick="$(this).closest('.fk-specs-type2').toggleClass('expandedMore')" title="Collapse">[-]</a></th></tr><tr class="hidden"><td class="specs-key">Occasion</td><td class="specs-value fk-data">Casual</td></tr><tr class="hidden"><td class="specs-key">Pattern</td><td class="specs-value fk-data">Printed</td></tr></table><table cellspacing="0" class="fk-specs-type2"><tr><th class="group-head" colspan="2">Sari Details</th></tr><tr class=""><td class="specs-key">Fabric</td><td class="specs-value fk-data">Synthetic</td></tr><tr class=""><td class="specs-key">Number of Contents in Sales Package</td><td class="specs-value fk-data">Pack of 1</td></tr></table><table cellspacing="0" class="fk-specs-type2"><tr><th class="group-head" colspan="2">In The Box</th></tr><tr class=""><td class="specs-key"> </td><td class="specs-value fk-data">Sari</td></tr></table></div>
15:02:2014,saris,Soch.,Soch Printed Synthetic Sari,Rs. 4598,http://img6a.flixcart.com/image/sari/5/n/q/jrzsr8019vl-white-soch-400x400-imadp975yjc9ttjg.jpeg, No more colour,Rs. 4598,Fashionara,http://www.flipkart.com/soch-printed-synthetic-sari/p/itmdq26gxsjeqfwm?pid=SARDP6TF5RTHH5NQ&srno=b_13&ref=e497e16a-a963-4cfe-9bf0-d7393bae6df1,LSTSARDP6TF5RTHH5NQ00GSIL,,None,<div class="item_left_column" id="specifications"><h3 class="item_desc_title fk-uppercase">        Specifications of Soch Printed Synthetic Sari    </h3><table cellspacing="0" class="fk-specs-type2"><tr><th class="group-head" colspan="2">General Details<a class="see-more unitExt rmargin10 no-underline" href="javascript:void(0);" onclick="$(this).closest('.fk-specs-type2').toggleClass('expandedMore')" title="Expand">[+]</a><a class="hidden unitExt rmargin10 no-underline" href="javascript:void(0);" onclick="$(this).closest('.fk-specs-type2').toggleClass('expandedMore')" title="Collapse">[-]</a></th></tr><tr class="hidden"><td class="specs-key">Occasion</td><td class="specs-value fk-data">Casual</td></tr><tr class="hidden"><td class="specs-key">Pattern</td><td class="specs-value fk-data">Printed</td></tr></table><table cellspacing="0" class="fk-specs-type2"><tr><th class="group-head" colspan="2">Sari Details</th></tr><tr class=""><td class="specs-key">Fabric</td><td class="specs-value fk-data">Synthetic</td></tr><tr class=""><td class="specs-key">Number of Contents in Sales Package</td><td class="specs-value fk-data">Pack of 1</td></tr></table><table cellspacing="0" class="fk-specs-type2"><tr><th class="group-head" colspan="2">In The Box</th></tr><tr class=""><td class="specs-key"> </td><td class="specs-value fk-data">Sari</td></tr></table></div>
15:02:2014,saris,Soch.,Soch Floral Print Synthetic Sari,Rs. 6998,http://img5a.flixcart.com/image/sari/e/j/h/pas-9053-teal-soch-400x400-imadp98gmhddh2zg.jpeg, No more colour,Rs. 6998,Fashionara,http://www.flipkart.com/soch-floral-print-synthetic-sari/p/itmdq26a4ytyhvxa?pid=SARDP6TFWFHBDEJH&srno=b_14&ref=e497e16a-a963-4cfe-9bf0-d7393bae6df1,LSTSARDP6TFWFHBDEJHPFIHTE,,None,<div class="item_left_column" id="specifications"><h3 class="item_desc_title fk-uppercase">        Specifications of Soch Floral Print Synthetic Sari    </h3><table cellspacing="0" class="fk-specs-type2"><tr><th class="group-head" colspan="2">General Details<a class="see-more unitExt rmargin10 no-underline" href="javascript:void(0);" onclick="$(this).closest('.fk-specs-type2').toggleClass('expandedMore')" title="Expand">[+]</a><a class="hidden unitExt rmargin10 no-underline" href="javascript:void(0);" onclick="$(this).closest('.fk-specs-type2').toggleClass('expandedMore')" title="Collapse">[-]</a></th></tr><tr class="hidden"><td class="specs-key">Occasion</td><td class="specs-value fk-data">Casual</td></tr><tr class="hidden"><td class="specs-key">Pattern</td><td class="specs-value fk-data">Floral Print</td></tr></table><table cellspacing="0" class="fk-specs-type2"><tr><th class="group-head" colspan="2">Sari Details</th></tr><tr class=""><td class="specs-key">Fabric</td><td class="specs-value fk-data">Synthetic</td></tr><tr class=""><td class="specs-key">Number of Contents in Sales Package</td><td class="specs-value fk-data">Pack of 1</td></tr></table><table cellspacing="0" class="fk-specs-type2"><tr><th class="group-head" colspan="2">In The Box</th></tr><tr class=""><td class="specs-key"> </td><td class="specs-value fk-data">Sari</td></tr></table></div>
15:02:2014,saris,Soch.,Soch Printed Synthetic Sari,Rs. 4198,http://img6a.flixcart.com/image/sari/6/9/4/jsosr8034hrtg-pink-soch-400x400-imadp96ggzjerejs.jpeg, No more colour,Rs. 4198,Fashionara,http://www.flipkart.com/soch-printed-synthetic-sari/p/itmdq269frpfdmgj?pid=SARDP6T2H6WGA694&srno=b_12&ref=e497e16a-a963-4cfe-9bf0-d7393bae6df1,LSTSARDP6T2H6WGA694N3DIRQ,,None,<div class="item_left_column" id="specifications"><h3 class="item_desc_title fk-uppercase">        Specifications of Soch Printed Synthetic Sari    </h3><table cellspacing="0" class="fk-specs-type2"><tr><th class="group-head" colspan="2">General Details<a class="see-more unitExt rmargin10 no-underline" href="javascript:void(0);" onclick="$(this).closest('.fk-specs-type2').toggleClass('expandedMore')" title="Expand">[+]</a><a class="hidden unitExt rmargin10 no-underline" href="javascript:void(0);" onclick="$(this).closest('.fk-specs-type2').toggleClass('expandedMore')" title="Collapse">[-]</a></th></tr><tr class="hidden"><td class="specs-key">Occasion</td><td class="specs-value fk-data">Casual</td></tr><tr class="hidden"><td class="specs-key">Pattern</td><td class="specs-value fk-data">Printed</td></tr></table><table cellspacing="0" class="fk-specs-type2"><tr><th class="group-head" colspan="2">Sari Details</th></tr><tr class=""><td class="specs-key">Fabric</td><td class="specs-value fk-data">Synthetic</td></tr><tr class=""><td class="specs-key">Number of Contents in Sales Package</td><td class="specs-value fk-data">Pack of 1</td></tr></table><table cellspacing="0" class="fk-specs-type2"><tr><th class="group-head" colspan="2">In The Box</th></tr><tr class=""><td class="specs-key"> </td><td class="specs-value fk-data">Sari</td></tr></table></div>
15:02:2014,saris,Soch.,Soch Printed Synthetic Sari,Rs. 3398,http://img5a.flixcart.com/image/sari/t/g/e/stzc-s5022-purple-soch-400x400-imadquyjswgrcmdy.jpeg, No more colour,Rs. 3398,Fashionara,http://www.flipkart.com/soch-printed-synthetic-sari/p/itmdqtymft32nx3p?pid=SARDQTYMNFHJHTGE&srno=b_16&ref=e2780101-089d-4d77-92fe-9634d95f0336,LSTSARDQTYMNFHJHTGEBBXZOC,,None,<div class="item_left_column" id="specifications"><h3 class="item_desc_title fk-uppercase">        Specifications of Soch Printed Synthetic Sari    </h3><table cellspacing="0" class="fk-specs-type2"><tr><th class="group-head" colspan="2">General Details<a class="see-more unitExt rmargin10 no-underline" href="javascript:void(0);" onclick="$(this).closest('.fk-specs-type2').toggleClass('expandedMore')" title="Expand">[+]</a><a class="hidden unitExt rmargin10 no-underline" href="javascript:void(0);" onclick="$(this).closest('.fk-specs-type2').toggleClass('expandedMore')" title="Collapse">[-]</a></th></tr><tr class="hidden"><td class="specs-key">Occasion</td><td class="specs-value fk-data">Festive</td></tr><tr class="hidden"><td class="specs-key">Pattern</td><td class="specs-value fk-data">Printed</td></tr></table><table cellspacing="0" class="fk-specs-type2"><tr><th class="group-head" colspan="2">Sari Details</th></tr><tr class=""><td class="specs-key">Fabric</td><td class="specs-value fk-data">Synthetic</td></tr></table></div>
15:02:2014,saris,Soch.,Soch Printed Synthetic Sari,Rs. 4298,http://img5a.flixcart.com/image/sari/w/4/g/tsvio183b-green-soch-400x400-imadp97c88nxjau6.jpeg, No more colour,Rs. 4298,Fashionara,http://www.flipkart.com/soch-printed-synthetic-sari/p/itmdq26fmphhhwkh?pid=SARDP6T3JMAQNW4G&srno=b_15&ref=e497e16a-a963-4cfe-9bf0-d7393bae6df1,LSTSARDP6T3JMAQNW4G3LGFEX,,None,<div class="item_left_column" id="specifications"><h3 class="item_desc_title fk-uppercase">        Specifications of Soch Printed Synthetic Sari    </h3><table cellspacing="0" class="fk-specs-type2"><tr><th class="group-head" colspan="2">General Details<a class="see-more unitExt rmargin10 no-underline" href="javascript:void(0);" onclick="$(this).closest('.fk-specs-type2').toggleClass('expandedMore')" title="Expand">[+]</a><a class="hidden unitExt rmargin10 no-underline" href="javascript:void(0);" onclick="$(this).closest('.fk-specs-type2').toggleClass('expandedMore')" title="Collapse">[-]</a></th></tr><tr class="hidden"><td class="specs-key">Occasion</td><td class="specs-value fk-data">Casual</td></tr><tr class="hidden"><td class="specs-key">Pattern</td><td class="specs-value fk-data">Printed</td></tr></table><table cellspacing="0" class="fk-specs-type2"><tr><th class="group-head" colspan="2">Sari Details</th></tr><tr class=""><td class="specs-key">Fabric</td><td class="specs-value fk-data">Synthetic</td></tr><tr class=""><td class="specs-key">Number of Contents in Sales Package</td><td class="specs-value fk-data">Pack of 1</td></tr></table><table cellspacing="0" class="fk-specs-type2"><tr><th class="group-head" colspan="2">In The Box</th></tr><tr class=""><td class="specs-key"> </td><td class="specs-value fk-data">Sari</td></tr></table></div>
15:02:2014,saris,Soch.,Soch Printed Georgette Sari,Rs. 3395,http://img5a.flixcart.com/image/sari/y/6/g/stsc-ss8022-black-f-soch-400x400-imadtftawudyfdt2.jpeg, No more colour,Rs. 3395,Fashionara,http://www.flipkart.com/soch-printed-georgette-sari/p/itmdtfqfwwxk3yng?pid=SARDTFPQ7CH4JY6G&srno=b_18&ref=e2780101-089d-4d77-92fe-9634d95f0336,LSTSARDTFPQ7CH4JY6GCORVSO,,None,<div class="item_left_column" id="specifications"><h3 class="item_desc_title fk-uppercase">        Specifications of Soch Printed Georgette Sari    </h3><table cellspacing="0" class="fk-specs-type2"><tr><th class="group-head" colspan="2">General Details<a class="see-more unitExt rmargin10 no-underline" href="javascript:void(0);" onclick="$(this).closest('.fk-specs-type2').toggleClass('expandedMore')" title="Expand">[+]</a><a class="hidden unitExt rmargin10 no-underline" href="javascript:void(0);" onclick="$(this).closest('.fk-specs-type2').toggleClass('expandedMore')" title="Collapse">[-]</a></th></tr><tr class="hidden"><td class="specs-key">Occasion</td><td class="specs-value fk-data">Festive</td></tr><tr class="hidden"><td class="specs-key">Pattern</td><td class="specs-value fk-data">Printed</td></tr></table><table cellspacing="0" class="fk-specs-type2"><tr><th class="group-head" colspan="2">Sari Details</th></tr><tr class=""><td class="specs-key">Type</td><td class="specs-value fk-data">Daily Wear</td></tr><tr class=""><td class="specs-key">Fabric</td><td class="specs-value fk-data">Georgette</td></tr></table><table cellspacing="0" class="fk-specs-type2"><tr><th class="group-head" colspan="2">Fabric Care</th></tr><tr class=""><td class="specs-value fk-data" colspan="2">Georgette- Brasso, Dry clean only</td></tr></table></div>
15:02:2014,saris,Soch.,Soch Self Design Embroidered Synthetic Sari,Rs. 6995,http://img5a.flixcart.com/image/sari/r/k/h/stsc-ss8024-red-f-soch-400x400-imadtftahhkz6b9c.jpeg, No more colour,Rs. 6995,Fashionara,http://www.flipkart.com/soch-self-design-embroidered-synthetic-sari/p/itmdtfq2xjtsxxbx?pid=SARDTFPQ2GEDERKH&srno=b_17&ref=e2780101-089d-4d77-92fe-9634d95f0336,LSTSARDTFPQ2GEDERKHMCLSG1,,None,<div class="item_left_column" id="specifications"><h3 class="item_desc_title fk-uppercase">        Specifications of Soch Self Design Embroidered Synthetic Sari    </h3><table cellspacing="0" class="fk-specs-type2"><tr><th class="group-head" colspan="2">General Details<a class="see-more unitExt rmargin10 no-underline" href="javascript:void(0);" onclick="$(this).closest('.fk-specs-type2').toggleClass('expandedMore')" title="Expand">[+]</a><a class="hidden unitExt rmargin10 no-underline" href="javascript:void(0);" onclick="$(this).closest('.fk-specs-type2').toggleClass('expandedMore')" title="Collapse">[-]</a></th></tr><tr class="hidden"><td class="specs-key">Occasion</td><td class="specs-value fk-data">Festive</td></tr><tr class="hidden"><td class="specs-key">Pattern</td><td class="specs-value fk-data">Self Design</td></tr></table><table cellspacing="0" class="fk-specs-type2"><tr><th class="group-head" colspan="2">Sari Details</th></tr><tr class=""><td class="specs-key">Type</td><td class="specs-value fk-data">Daily Wear</td></tr><tr class=""><td class="specs-key">Fabric</td><td class="specs-value fk-data">Synthetic</td></tr></table><table cellspacing="0" class="fk-specs-type2"><tr><th class="group-head" colspan="2">Fabric Care</th></tr><tr class=""><td class="specs-value fk-data" colspan="2">Dry clean only, Net</td></tr></table></div>
15:02:2014,saris,Soch.,Soch Self Design Embroidered Synthetic Sari,Rs. 5695,http://img5a.flixcart.com/image/sari/t/g/a/stsc-ss8011-black-f-soch-400x400-imadtft9jvhvgyqz.jpeg, No more colour,Rs. 5695,Fashionara,http://www.flipkart.com/soch-self-design-embroidered-synthetic-sari/p/itmdtfqftggnczuy?pid=SARDTFPQP5TCSTGA&srno=b_20&ref=e2780101-089d-4d77-92fe-9634d95f0336,LSTSARDTFPQP5TCSTGAWJCDYK,,None,<div class="item_left_column" id="specifications"><h3 class="item_desc_title fk-uppercase">        Specifications of Soch Self Design Embroidered Synthetic Sari    </h3><table cellspacing="0" class="fk-specs-type2"><tr><th class="group-head" colspan="2">General Details<a class="see-more unitExt rmargin10 no-underline" href="javascript:void(0);" onclick="$(this).closest('.fk-specs-type2').toggleClass('expandedMore')" title="Expand">[+]</a><a class="hidden unitExt rmargin10 no-underline" href="javascript:void(0);" onclick="$(this).closest('.fk-specs-type2').toggleClass('expandedMore')" title="Collapse">[-]</a></th></tr><tr class="hidden"><td class="specs-key">Occasion</td><td class="specs-value fk-data">Festive</td></tr><tr class="hidden"><td class="specs-key">Pattern</td><td class="specs-value fk-data">Self Design</td></tr></table><table cellspacing="0" class="fk-specs-type2"><tr><th class="group-head" colspan="2">Sari Details</th></tr><tr class=""><td class="specs-key">Type</td><td class="specs-value fk-data">Daily Wear</td></tr><tr class=""><td class="specs-key">Fabric</td><td class="specs-value fk-data">Synthetic</td></tr></table><table cellspacing="0" class="fk-specs-type2"><tr><th class="group-head" colspan="2">Fabric Care</th></tr><tr class=""><td class="specs-value fk-data" colspan="2">Net, Dry clean only</td></tr></table></div>
15:02:2014,saris,Soch.,Soch Self Design Embroidered Georgette Sari,Rs. 3995,http://img5a.flixcart.com/image/sari/p/x/q/stsc-ss8010-green-f-soch-400x400-imadtftbbhsnfaeh.jpeg, No more colour,Rs. 3995,Fashionara,http://www.flipkart.com/soch-self-design-embroidered-georgette-sari/p/itmdtfqfubwvhmws?pid=SARDTFPQEUF6NPXQ&srno=b_19&ref=e2780101-089d-4d77-92fe-9634d95f0336,LSTSARDTFPQEUF6NPXQZWDMHF,,None,<div class="item_left_column" id="specifications"><h3 class="item_desc_title fk-uppercase">        Specifications of Soch Self Design Embroidered Georgette Sari    </h3><table cellspacing="0" class="fk-specs-type2"><tr><th class="group-head" colspan="2">General Details<a class="see-more unitExt rmargin10 no-underline" href="javascript:void(0);" onclick="$(this).closest('.fk-specs-type2').toggleClass('expandedMore')" title="Expand">[+]</a><a class="hidden unitExt rmargin10 no-underline" href="javascript:void(0);" onclick="$(this).closest('.fk-specs-type2').toggleClass('expandedMore')" title="Collapse">[-]</a></th></tr><tr class="hidden"><td class="specs-key">Occasion</td><td class="specs-value fk-data">Festive</td></tr><tr class="hidden"><td class="specs-key">Pattern</td><td class="specs-value fk-data">Self Design</td></tr></table><table cellspacing="0" class="fk-specs-type2"><tr><th class="group-head" colspan="2">Sari Details</th></tr><tr class=""><td class="specs-key">Type</td><td class="specs-value fk-data">Daily Wear</td></tr><tr class=""><td class="specs-key">Fabric</td><td class="specs-value fk-data">Georgette</td></tr></table><table cellspacing="0" class="fk-specs-type2"><tr><th class="group-head" colspan="2">Fabric Care</th></tr><tr class=""><td class="specs-value fk-data" colspan="2">Brasso and georgette, Dry clean only</td></tr></table></div>
15:02:2014,saris,Soch.,Soch Self Design Embroidered Synthetic Sari,Rs. 6895,http://img5a.flixcart.com/image/sari/q/e/m/stsc-ss8005-white-f-soch-400x400-imadtftgvkkabswh.jpeg, No more colour,Rs. 6895,Fashionara,http://www.flipkart.com/soch-self-design-embroidered-synthetic-sari/p/itmdtfq46bxqjuss?pid=SARDTFPQ5KZC7QEM&srno=b_21&ref=e2780101-089d-4d77-92fe-9634d95f0336,LSTSARDTFPQ5KZC7QEMXXNNED,,None,<div class="item_left_column" id="specifications"><h3 class="item_desc_title fk-uppercase">        Specifications of Soch Self Design Embroidered Synthetic Sari    </h3><table cellspacing="0" class="fk-specs-type2"><tr><th class="group-head" colspan="2">General Details<a class="see-more unitExt rmargin10 no-underline" href="javascript:void(0);" onclick="$(this).closest('.fk-specs-type2').toggleClass('expandedMore')" title="Expand">[+]</a><a class="hidden unitExt rmargin10 no-underline" href="javascript:void(0);" onclick="$(this).closest('.fk-specs-type2').toggleClass('expandedMore')" title="Collapse">[-]</a></th></tr><tr class="hidden"><td class="specs-key">Occasion</td><td class="specs-value fk-data">Festive</td></tr><tr class="hidden"><td class="specs-key">Pattern</td><td class="specs-value fk-data">Self Design</td></tr></table><table cellspacing="0" class="fk-specs-type2"><tr><th class="group-head" colspan="2">Sari Details</th></tr><tr class=""><td class="specs-key">Type</td><td class="specs-value fk-data">Daily Wear</td></tr><tr class=""><td class="specs-key">Fabric</td><td class="specs-value fk-data">Synthetic</td></tr></table><table cellspacing="0" class="fk-specs-type2"><tr><th class="group-head" colspan="2">Fabric Care</th></tr><tr class=""><td class="specs-value fk-data" colspan="2">Dry clean only, Net</td></tr></table></div>
15:02:2014,saris,Soch.,Soch Self Design Embroidered Synthetic Sari,Rs. 4795,http://img6a.flixcart.com/image/sari/t/p/8/stsc-ss8023-blue-f-soch-400x400-imadtftmyfqf6rrp.jpeg, No more colour,Rs. 4795,Fashionara,http://www.flipkart.com/soch-self-design-embroidered-synthetic-sari/p/itmdtfqfqr6spxnc?pid=SARDTFPQ5MBFYTP8&srno=b_22&ref=e2780101-089d-4d77-92fe-9634d95f0336,LSTSARDTFPQ5MBFYTP8ATI7OR,,None,<div class="item_left_column" id="specifications"><h3 class="item_desc_title fk-uppercase">        Specifications of Soch Self Design Embroidered Synthetic Sari    </h3><table cellspacing="0" class="fk-specs-type2"><tr><th class="group-head" colspan="2">General Details<a class="see-more unitExt rmargin10 no-underline" href="javascript:void(0);" onclick="$(this).closest('.fk-specs-type2').toggleClass('expandedMore')" title="Expand">[+]</a><a class="hidden unitExt rmargin10 no-underline" href="javascript:void(0);" onclick="$(this).closest('.fk-specs-type2').toggleClass('expandedMore')" title="Collapse">[-]</a></th></tr><tr class="hidden"><td class="specs-key">Occasion</td><td class="specs-value fk-data">Festive</td></tr><tr class="hidden"><td class="specs-key">Pattern</td><td class="specs-value fk-data">Self Design</td></tr></table><table cellspacing="0" class="fk-specs-type2"><tr><th class="group-head" colspan="2">Sari Details</th></tr><tr class=""><td class="specs-key">Type</td><td class="specs-value fk-data">Daily Wear</td></tr><tr class=""><td class="specs-key">Fabric</td><td class="specs-value fk-data">Synthetic</td></tr></table><table cellspacing="0" class="fk-specs-type2"><tr><th class="group-head" colspan="2">Fabric Care</th></tr><tr class=""><td class="specs-value fk-data" colspan="2">Dry clean only, Crepe- Jacquard</td></tr></table></div>
15:02:2014,saris,Soch.,Soch Self Design Embroidered Georgette Sari,Rs. 4395,http://img5a.flixcart.com/image/sari/m/g/g/stsc-ss8009-pink-f-soch-400x400-imadtftbdwtzzzzk.jpeg, No more colour,Rs. 4395,Fashionara,http://www.flipkart.com/soch-self-design-embroidered-georgette-sari/p/itmdtfq4ubaahzsu?pid=SARDTFPQZP4MDMGG&srno=b_23&ref=e2780101-089d-4d77-92fe-9634d95f0336,LSTSARDTFPQZP4MDMGGKSGW43,,None,<div class="item_left_column" id="specifications"><h3 class="item_desc_title fk-uppercase">        Specifications of Soch Self Design Embroidered Georgette Sari    </h3><table cellspacing="0" class="fk-specs-type2"><tr><th class="group-head" colspan="2">General Details<a class="see-more unitExt rmargin10 no-underline" href="javascript:void(0);" onclick="$(this).closest('.fk-specs-type2').toggleClass('expandedMore')" title="Expand">[+]</a><a class="hidden unitExt rmargin10 no-underline" href="javascript:void(0);" onclick="$(this).closest('.fk-specs-type2').toggleClass('expandedMore')" title="Collapse">[-]</a></th></tr><tr class="hidden"><td class="specs-key">Occasion</td><td class="specs-value fk-data">Festive</td></tr><tr class="hidden"><td class="specs-key">Pattern</td><td class="specs-value fk-data">Self Design</td></tr></table><table cellspacing="0" class="fk-specs-type2"><tr><th class="group-head" colspan="2">Sari Details</th></tr><tr class=""><td class="specs-key">Type</td><td class="specs-value fk-data">Daily Wear</td></tr><tr class=""><td class="specs-key">Fabric</td><td class="specs-value fk-data">Georgette</td></tr></table><table cellspacing="0" class="fk-specs-type2"><tr><th class="group-head" colspan="2">Fabric Care</th></tr><tr class=""><td class="specs-value fk-data" colspan="2">Dry clean only, Georgette- Brasso</td></tr></table></div>
15:02:2014,saris,Soch.,Soch Self Design Embroidered Georgette Sari,Rs. 5895,http://img5a.flixcart.com/image/sari/j/h/y/stsc-ss8019-orange-f-soch-400x400-imadtftnbggvzbd8.jpeg, No more colour,Rs. 5895,Fashionara,http://www.flipkart.com/soch-self-design-embroidered-georgette-sari/p/itmdtfqfb9f65ayg?pid=SARDTFPQ88FHNJHY&srno=b_24&ref=e2780101-089d-4d77-92fe-9634d95f0336,LSTSARDTFPQ88FHNJHYSMR8TQ,,None,<div class="item_left_column" id="specifications"><h3 class="item_desc_title fk-uppercase">        Specifications of Soch Self Design Embroidered Georgette Sari    </h3><table cellspacing="0" class="fk-specs-type2"><tr><th class="group-head" colspan="2">General Details<a class="see-more unitExt rmargin10 no-underline" href="javascript:void(0);" onclick="$(this).closest('.fk-specs-type2').toggleClass('expandedMore')" title="Expand">[+]</a><a class="hidden unitExt rmargin10 no-underline" href="javascript:void(0);" onclick="$(this).closest('.fk-specs-type2').toggleClass('expandedMore')" title="Collapse">[-]</a></th></tr><tr class="hidden"><td class="specs-key">Occasion</td><td class="specs-value fk-data">Festive</td></tr><tr class="hidden"><td class="specs-key">Pattern</td><td class="specs-value fk-data">Self Design</td></tr></table><table cellspacing="0" class="fk-specs-type2"><tr><th class="group-head" colspan="2">Sari Details</th></tr><tr class=""><td class="specs-key">Type</td><td class="specs-value fk-data">Daily Wear</td></tr><tr class=""><td class="specs-key">Fabric</td><td class="specs-value fk-data">Georgette</td></tr></table><table cellspacing="0" class="fk-specs-type2"><tr><th class="group-head" colspan="2">Fabric Care</th></tr><tr class=""><td class="specs-value fk-data" colspan="2">Georgette, Dry clean only</td></tr></table></div>
15:02:2014,saris,Soch.,Soch Self Design Embroidered Georgette Sari,Rs. 5995,http://img6a.flixcart.com/image/sari/u/x/u/stsc-ss8002-green-f-soch-400x400-imadtftka3tr4hue.jpeg, No more colour,Rs. 5995,Fashionara,http://www.flipkart.com/soch-self-design-embroidered-georgette-sari/p/itmdtfq4xgc68cfz?pid=SARDTFPQP7C2XUXU&srno=b_26&ref=e2780101-089d-4d77-92fe-9634d95f0336,LSTSARDTFPQP7C2XUXUKQIH0Q,,None,<div class="item_left_column" id="specifications"><h3 class="item_desc_title fk-uppercase">        Specifications of Soch Self Design Embroidered Georgette Sari    </h3><table cellspacing="0" class="fk-specs-type2"><tr><th class="group-head" colspan="2">General Details<a class="see-more unitExt rmargin10 no-underline" href="javascript:void(0);" onclick="$(this).closest('.fk-specs-type2').toggleClass('expandedMore')" title="Expand">[+]</a><a class="hidden unitExt rmargin10 no-underline" href="javascript:void(0);" onclick="$(this).closest('.fk-specs-type2').toggleClass('expandedMore')" title="Collapse">[-]</a></th></tr><tr class="hidden"><td class="specs-key">Occasion</td><td class="specs-value fk-data">Festive</td></tr><tr class="hidden"><td class="specs-key">Pattern</td><td class="specs-value fk-data">Self Design</td></tr></table><table cellspacing="0" class="fk-specs-type2"><tr><th class="group-head" colspan="2">Sari Details</th></tr><tr class=""><td class="specs-key">Type</td><td class="specs-value fk-data">Daily Wear</td></tr><tr class=""><td class="specs-key">Fabric</td><td class="specs-value fk-data">Georgette</td></tr></table><table cellspacing="0" class="fk-specs-type2"><tr><th class="group-head" colspan="2">Fabric Care</th></tr><tr class=""><td class="specs-value fk-data" colspan="2">Georgette - Brocade, Dry clean only</td></tr></table></div>
15:02:2014,saris,Soch.,Soch Self Design Embroidered Georgette Sari,Rs. 6495,http://img5a.flixcart.com/image/sari/p/h/a/stsc-ss8017-pink-f-soch-400x400-imadtftsff85pfyv.jpeg, No more colour,Rs. 6495,Fashionara,http://www.flipkart.com/soch-self-design-embroidered-georgette-sari/p/itmdtfqfmkbczqer?pid=SARDTFPQHPT4ZPHA&srno=b_25&ref=e2780101-089d-4d77-92fe-9634d95f0336,LSTSARDTFPQHPT4ZPHAD7SDFH,,None,<div class="item_left_column" id="specifications"><h3 class="item_desc_title fk-uppercase">        Specifications of Soch Self Design Embroidered Georgette Sari    </h3><table cellspacing="0" class="fk-specs-type2"><tr><th class="group-head" colspan="2">General Details<a class="see-more unitExt rmargin10 no-underline" href="javascript:void(0);" onclick="$(this).closest('.fk-specs-type2').toggleClass('expandedMore')" title="Expand">[+]</a><a class="hidden unitExt rmargin10 no-underline" href="javascript:void(0);" onclick="$(this).closest('.fk-specs-type2').toggleClass('expandedMore')" title="Collapse">[-]</a></th></tr><tr class="hidden"><td class="specs-key">Occasion</td><td class="specs-value fk-data">Festive</td></tr><tr class="hidden"><td class="specs-key">Pattern</td><td class="specs-value fk-data">Self Design</td></tr></table><table cellspacing="0" class="fk-specs-type2"><tr><th class="group-head" colspan="2">Sari Details</th></tr><tr class=""><td class="specs-key">Type</td><td class="specs-value fk-data">Daily Wear</td></tr><tr class=""><td class="specs-key">Fabric</td><td class="specs-value fk-data">Georgette</td></tr></table><table cellspacing="0" class="fk-specs-type2"><tr><th class="group-head" colspan="2">Fabric Care</th></tr><tr class=""><td class="specs-value fk-data" colspan="2">Dry clean only, Georgette</td></tr></table></div>
15:02:2014,saris,Soch.,Soch Self Design Embroidered Georgette Sari,Rs. 3995,http://img5a.flixcart.com/image/sari/h/z/2/stsc-ss8003-black-f-soch-400x400-imadtftxpdkzrezu.jpeg, No more colour,Rs. 3995,Fashionara,http://www.flipkart.com/soch-self-design-embroidered-georgette-sari/p/itmdtfq4z2zgch2d?pid=SARDTFPQYZGX8HZ2&srno=b_27&ref=e2780101-089d-4d77-92fe-9634d95f0336,LSTSARDTFPQYZGX8HZ2HCO14W,,None,<div class="item_left_column" id="specifications"><h3 class="item_desc_title fk-uppercase">        Specifications of Soch Self Design Embroidered Georgette Sari    </h3><table cellspacing="0" class="fk-specs-type2"><tr><th class="group-head" colspan="2">General Details<a class="see-more unitExt rmargin10 no-underline" href="javascript:void(0);" onclick="$(this).closest('.fk-specs-type2').toggleClass('expandedMore')" title="Expand">[+]</a><a class="hidden unitExt rmargin10 no-underline" href="javascript:void(0);" onclick="$(this).closest('.fk-specs-type2').toggleClass('expandedMore')" title="Collapse">[-]</a></th></tr><tr class="hidden"><td class="specs-key">Occasion</td><td class="specs-value fk-data">Festive</td></tr><tr class="hidden"><td class="specs-key">Pattern</td><td class="specs-value fk-data">Self Design</td></tr></table><table cellspacing="0" class="fk-specs-type2"><tr><th class="group-head" colspan="2">Sari Details</th></tr><tr class=""><td class="specs-key">Type</td><td class="specs-value fk-data">Daily Wear</td></tr><tr class=""><td class="specs-key">Fabric</td><td class="specs-value fk-data">Georgette</td></tr></table><table cellspacing="0" class="fk-specs-type2"><tr><th class="group-head" colspan="2">Fabric Care</th></tr><tr class=""><td class="specs-value fk-data" colspan="2">Georgette, Dry clean only</td></tr></table></div>
15:02:2014,saris,Soch.,Soch Printed Embroidered Georgette, Brasso Sari,Rs. 4998,http://img6a.flixcart.com/image/sari/2/y/8/stzc-s5013-soch-free-400x400-imadz4yjmpczc7hj.jpeg, No more colour,Rs. 4998,WS Retail,http://www.flipkart.com/soch-printed-embroidered-georgette-brasso-sari/p/itmdnjtyucrxgfhc?pid=SARDNJTYHB9DC2Y8&srno=b_28&ref=e2780101-089d-4d77-92fe-9634d95f0336,LSTSARDNJTYHB9DC2Y8BUOBV7,,<div class="item_left_column" id="description"><h3 class="item_desc_title fk-uppercase">Soch Printed Embroidered Georgette, Brasso Sari         Price: Rs.4998</h3><div class="cls"></div><div class="item_desc_text line"><div style="float:right"></div><p>	Turn up the glam quotient of your ethnic look with this chic sari from Soch. This desi stunner is designed with rich paisley brasso patterns on one half and elegant embroidery and sequin work on the other cotton half. The contrast border, with embroidery and lovely ghota lace work, makes it even more alluring! Style the attached blouse piece in a trendy way and drape this sari with embellished heels and bangles.</p> </div><div style="clear: both;"></div></div>,<div class="item_left_column" id="specifications"><h3 class="item_desc_title fk-uppercase">        Specifications of Soch Printed Embroidered Georgette, Brasso Sari    </h3><table cellspacing="0" class="fk-specs-type2"><tr><th class="group-head" colspan="2">General Details<a class="see-more unitExt rmargin10 no-underline" href="javascript:void(0);" onclick="$(this).closest('.fk-specs-type2').toggleClass('expandedMore')" title="Expand">[+]</a><a class="hidden unitExt rmargin10 no-underline" href="javascript:void(0);" onclick="$(this).closest('.fk-specs-type2').toggleClass('expandedMore')" title="Collapse">[-]</a></th></tr><tr class="hidden"><td class="specs-key">Ideal For</td><td class="specs-value fk-data">Women's</td></tr><tr class="hidden"><td class="specs-key">Occasion</td><td class="specs-value fk-data">Party</td></tr><tr class="hidden"><td class="specs-key">Pattern</td><td class="specs-value fk-data">Printed</td></tr></table><table cellspacing="0" class="fk-specs-type2"><tr><th class="group-head" colspan="2">Sari Details</th></tr><tr class=""><td class="specs-key">Ideal For</td><td class="specs-value fk-data">Women's</td></tr><tr class=""><td class="specs-key">Fabric</td><td class="specs-value fk-data">Georgette, Brasso</td></tr></table><table cellspacing="0" class="fk-specs-type2"><tr><th class="group-head" colspan="2">Fabric Care</th></tr><tr class=""><td class="specs-value fk-data" colspan="2">First Wash Dry wash</td></tr></table></div>
15:02:2014,saris,Soch.,Soch Printed Synthetic Sari,Rs. 5198,http://img5a.flixcart.com/image/sari/m/y/c/jsrsr8037hrtg-off-white-soch-400x400-imadp96pz7psjwfh.jpeg, No more colour,Rs. 5198,Fashionara,http://www.flipkart.com/soch-printed-synthetic-sari/p/itmdq2689hhrhvnk?pid=SARDP6T2EA9EJMYC&srno=b_30&ref=e2780101-089d-4d77-92fe-9634d95f0336,LSTSARDP6T2EA9EJMYC4AACIW,,None,<div class="item_left_column" id="specifications"><h3 class="item_desc_title fk-uppercase">        Specifications of Soch Printed Synthetic Sari    </h3><table cellspacing="0" class="fk-specs-type2"><tr><th class="group-head" colspan="2">General Details<a class="see-more unitExt rmargin10 no-underline" href="javascript:void(0);" onclick="$(this).closest('.fk-specs-type2').toggleClass('expandedMore')" title="Expand">[+]</a><a class="hidden unitExt rmargin10 no-underline" href="javascript:void(0);" onclick="$(this).closest('.fk-specs-type2').toggleClass('expandedMore')" title="Collapse">[-]</a></th></tr><tr class="hidden"><td class="specs-key">Occasion</td><td class="specs-value fk-data">Casual</td></tr><tr class="hidden"><td class="specs-key">Pattern</td><td class="specs-value fk-data">Printed</td></tr></table><table cellspacing="0" class="fk-specs-type2"><tr><th class="group-head" colspan="2">Sari Details</th></tr><tr class=""><td class="specs-key">Fabric</td><td class="specs-value fk-data">Synthetic</td></tr><tr class=""><td class="specs-key">Number of Contents in Sales Package</td><td class="specs-value fk-data">Pack of 1</td></tr></table><table cellspacing="0" class="fk-specs-type2"><tr><th class="group-head" colspan="2">In The Box</th></tr><tr class=""><td class="specs-key"> </td><td class="specs-value fk-data">Sari</td></tr></table></div>
15:02:2014,saris,Soch.,Soch Printed Embroidered Georgette Sari,Rs. 4998,http://img5a.flixcart.com/image/sari/6/y/k/stzc-s5009-soch-free-400x400-imadz4ykzsypvkvp.jpeg, No more colour,Rs. 4998,WS Retail,http://www.flipkart.com/soch-printed-embroidered-georgette-sari/p/itmdnjty4zup7fjf?pid=SARDNJTYXUJYT6YK&srno=b_29&ref=e2780101-089d-4d77-92fe-9634d95f0336,LSTSARDNJTYXUJYT6YKOMEFGA,,<div class="item_left_column" id="description"><h3 class="item_desc_title fk-uppercase">Soch Printed Embroidered Georgette Sari         Price: Rs.4998</h3><div class="cls"></div><div class="item_desc_text line"><div style="float:right"></div><p style="text-align: justify;">	Look stunning at festivals or when you attend a reception by draping this gorgeous sari from Soch. The pretty prints and attractive <strong>embroidery work</strong> give it a rich and classy finish. Flatter your curves in this georgette sari and enhance your glam factor by adding on jhumkis, bangles and stilettos.</p> </div><div style="clear: both;"></div></div>,<div class="item_left_column" id="specifications"><h3 class="item_desc_title fk-uppercase">        Specifications of Soch Printed Embroidered Georgette Sari    </h3><table cellspacing="0" class="fk-specs-type2"><tr><th class="group-head" colspan="2">General Details<a class="see-more unitExt rmargin10 no-underline" href="javascript:void(0);" onclick="$(this).closest('.fk-specs-type2').toggleClass('expandedMore')" title="Expand">[+]</a><a class="hidden unitExt rmargin10 no-underline" href="javascript:void(0);" onclick="$(this).closest('.fk-specs-type2').toggleClass('expandedMore')" title="Collapse">[-]</a></th></tr><tr class="hidden"><td class="specs-key">Ideal For</td><td class="specs-value fk-data">Women's</td></tr><tr class="hidden"><td class="specs-key">Occasion</td><td class="specs-value fk-data">Party</td></tr><tr class="hidden"><td class="specs-key">Pattern</td><td class="specs-value fk-data">Printed</td></tr></table><table cellspacing="0" class="fk-specs-type2"><tr><th class="group-head" colspan="2">Sari Details</th></tr><tr class=""><td class="specs-key">Ideal For</td><td class="specs-value fk-data">Women's</td></tr><tr class=""><td class="specs-key">Fabric</td><td class="specs-value fk-data">Georgette</td></tr></table><table cellspacing="0" class="fk-specs-type2"><tr><th class="group-head" colspan="2">Fabric Care</th></tr><tr class=""><td class="specs-value fk-data" colspan="2">First Wash Dry wash</td></tr></table></div>
15:02:2014,saris,Soch.,Soch Printed Synthetic Sari,Rs. 5995,http://img6a.flixcart.com/image/sari/g/e/f/stsc-ss8020-blue-f-soch-400x400-imadtftgrzpwryag.jpeg, No more colour,Rs. 5995,Fashionara,http://www.flipkart.com/soch-printed-synthetic-sari/p/itmdtfqfzgdwhcyz?pid=SARDTFPQHKGN3GEF&srno=b_31&ref=c53749ab-6c53-4cf7-8f97-d4c778f2033a,LSTSARDTFPQHKGN3GEFJP5IJS,,None,<div class="item_left_column" id="specifications"><h3 class="item_desc_title fk-uppercase">        Specifications of Soch Printed Synthetic Sari    </h3><table cellspacing="0" class="fk-specs-type2"><tr><th class="group-head" colspan="2">General Details<a class="see-more unitExt rmargin10 no-underline" href="javascript:void(0);" onclick="$(this).closest('.fk-specs-type2').toggleClass('expandedMore')" title="Expand">[+]</a><a class="hidden unitExt rmargin10 no-underline" href="javascript:void(0);" onclick="$(this).closest('.fk-specs-type2').toggleClass('expandedMore')" title="Collapse">[-]</a></th></tr><tr class="hidden"><td class="specs-key">Occasion</td><td class="specs-value fk-data">Festive</td></tr><tr class="hidden"><td class="specs-key">Pattern</td><td class="specs-value fk-data">Printed</td></tr></table><table cellspacing="0" class="fk-specs-type2"><tr><th class="group-head" colspan="2">Sari Details</th></tr><tr class=""><td class="specs-key">Type</td><td class="specs-value fk-data">Daily Wear</td></tr><tr class=""><td class="specs-key">Fabric</td><td class="specs-value fk-data">Synthetic</td></tr></table><table cellspacing="0" class="fk-specs-type2"><tr><th class="group-head" colspan="2">Fabric Care</th></tr><tr class=""><td class="specs-value fk-data" colspan="2">Crepe- Jacquard, Dry clean only "</td></tr></table></div>
15:02:2014,saris,Soch.,Soch Solid Synthetic Sari,Rs. 2150,http://img5a.flixcart.com/image/sari/q/z/z/cw9622-purple-soch-400x400-imadp98fy7jk2ppk.jpeg, No more colour,Rs. 2150,Fashionara,http://www.flipkart.com/soch-solid-synthetic-sari/p/itmdq26ahwzjxawq?pid=SARDP6TFNJ3EAQZZ&srno=b_32&ref=c53749ab-6c53-4cf7-8f97-d4c778f2033a,LSTSARDP6TFNJ3EAQZZOS842W,,<div class="item_left_column" id="description"><h3 class="item_desc_title fk-uppercase">Soch Solid Synthetic Sari         Price: Rs.2150</h3><div class="cls"></div><div class="item_desc_text line"><div style="float:right"></div>                        Give your ethnic dressing a contemporary touch with this beautiful saree. It features beautiful blend of colours taking inspiration from the half and half concept. One part of the saree is constructed in sheer georgette with ditsy applique, whilst the other part is made of georgette and satin weaves and is printed with bold motifs. Contrast band on border with thread applique makes it even more alluring. Drape it with gold bangles and statement heels for those extremely special occasions.        </div><div style="clear: both;"></div></div>,<div class="item_left_column" id="specifications"><h3 class="item_desc_title fk-uppercase">        Specifications of Soch Solid Synthetic Sari    </h3><table cellspacing="0" class="fk-specs-type2"><tr><th class="group-head" colspan="2">General Details<a class="see-more unitExt rmargin10 no-underline" href="javascript:void(0);" onclick="$(this).closest('.fk-specs-type2').toggleClass('expandedMore')" title="Expand">[+]</a><a class="hidden unitExt rmargin10 no-underline" href="javascript:void(0);" onclick="$(this).closest('.fk-specs-type2').toggleClass('expandedMore')" title="Collapse">[-]</a></th></tr><tr class="hidden"><td class="specs-key">Occasion</td><td class="specs-value fk-data">Casual</td></tr><tr class="hidden"><td class="specs-key">Pattern</td><td class="specs-value fk-data">Solid</td></tr></table><table cellspacing="0" class="fk-specs-type2"><tr><th class="group-head" colspan="2">Sari Details</th></tr><tr class=""><td class="specs-key">Fabric</td><td class="specs-value fk-data">Synthetic</td></tr><tr class=""><td class="specs-key">Number of Contents in Sales Package</td><td class="specs-value fk-data">Pack of 1</td></tr></table><table cellspacing="0" class="fk-specs-type2"><tr><th class="group-head" colspan="2">In The Box</th></tr><tr class=""><td class="specs-key"> </td><td class="specs-value fk-data">Sari</td></tr></table></div>
15:02:2014,saris,Soch.,Soch Solid, Printed Embroidered Georgette Sari,Rs. 2729,http://img6a.flixcart.com/image/sari/d/c/g/stzc-s5025-soch-free-400x400-imadz4yjfejfexg8.jpeg, No more colour,Rs. 2729,WS Retail,http://www.flipkart.com/soch-solid-printed-embroidered-georgette-sari/p/itmdnjtywykcfvhf?pid=SARDNJTYMH4RCDCG&srno=b_33&ref=c53749ab-6c53-4cf7-8f97-d4c778f2033a,LSTSARDNJTYMH4RCDCGTI0MST,,<div class="item_left_column" id="description"><h3 class="item_desc_title fk-uppercase">Soch Solid, Printed Embroidered Georgette Sari         Price: Rs.2729</h3><div class="cls"></div><div class="item_desc_text line"><div style="float:right"></div><p>	Ultra-feminine and so chic, this beautiful georgette beauty from Soch flaunts a lovely dyed ombre effect and keeps you looking very pretty. The subtle print and the brocade border offer it an elegant look. The floral diamantes all over make it look really glamorous and graceful. Drape this <strong>lightweight sari</strong> over a short-sleeved blouse, add on bangles and gold heels and look fab.</p> </div><div style="clear: both;"></div></div>,<div class="item_left_column" id="specifications"><h3 class="item_desc_title fk-uppercase">        Specifications of Soch Solid, Printed Embroidered Georgette Sari    </h3><table cellspacing="0" class="fk-specs-type2"><tr><th class="group-head" colspan="2">General Details<a class="see-more unitExt rmargin10 no-underline" href="javascript:void(0);" onclick="$(this).closest('.fk-specs-type2').toggleClass('expandedMore')" title="Expand">[+]</a><a class="hidden unitExt rmargin10 no-underline" href="javascript:void(0);" onclick="$(this).closest('.fk-specs-type2').toggleClass('expandedMore')" title="Collapse">[-]</a></th></tr><tr class="hidden"><td class="specs-key">Ideal For</td><td class="specs-value fk-data">Women's</td></tr><tr class="hidden"><td class="specs-key">Occasion</td><td class="specs-value fk-data">Party</td></tr><tr class="hidden"><td class="specs-key">Pattern</td><td class="specs-value fk-data">Solid, Printed</td></tr></table><table cellspacing="0" class="fk-specs-type2"><tr><th class="group-head" colspan="2">Sari Details</th></tr><tr class=""><td class="specs-key">Ideal For</td><td class="specs-value fk-data">Women's</td></tr><tr class=""><td class="specs-key">Fabric</td><td class="specs-value fk-data">Georgette</td></tr></table><table cellspacing="0" class="fk-specs-type2"><tr><th class="group-head" colspan="2">Fabric Care</th></tr><tr class=""><td class="specs-value fk-data" colspan="2">First Wash Dry wash</td></tr></table></div>
